"No.","Time","Source","Destination","Protocol","Length","Lower Address Part","Info"
"1","0.000000000","","","BT BR/EDR RF","22","0x005fe982","Transport: Any (BR 1Mbps), RF Channel: 60 (SP:  -90), Packet Type: Unknown"
"2","20.595530300","","","BT BR/EDR RF","22","0x00d5bb21","Transport: Any (BR 1Mbps), RF Channel: 29 (SP:  -81), Packet Type: Unknown"
"3","53.792778400","","","BT BR/EDR RF","22","0x00347a8c","Transport: Any (BR 1Mbps), RF Channel: 45 (SP:    0, NP:  -55), Packet Type: Unknown"
"4","53.793179400","","","BT BR/EDR RF","22","0x00347a8c","Transport: Any (BR 1Mbps), RF Channel: 45 (SP:    0, NP:  -55), Packet Type: Unknown"
"5","53.795581200","","","BT BR/EDR RF","22","0x00347a8c","Transport: Any (BR 1Mbps), RF Channel: 45 (SP:    0, NP:  -55), Packet Type: Unknown"
"6","53.802779000","","","BT BR/EDR RF","22","0x00347a8c","Transport: Any (BR 1Mbps), RF Channel: 45 (SP:    0, NP:  -55), Packet Type: Unknown"
"7","53.822784900","","","BT BR/EDR RF","22","0x00347a8c","Transport: Any (BR 1Mbps), RF Channel: 45 (SP:    0, NP:  -55), Packet Type: Unknown"
"8","53.823184600","","","BT BR/EDR RF","22","0x00347a8c","Transport: Any (BR 1Mbps), RF Channel: 45 (SP:    0, NP:  -55), Packet Type: Unknown"
"9","53.845294100","","","BT BR/EDR RF","22","0x00347a8c","Transport: Any (BR 1Mbps), RF Channel: 77 (SP:  -38, NP:  -55), Packet Type: Unknown"
"10","53.855292800","","","BT BR/EDR RF","22","0x00347a8c","Transport: Any (BR 1Mbps), RF Channel: 77 (SP:  -36, NP:  -55), Packet Type: Unknown"
"11","53.870613000","","","BT BR/EDR RF","22","0x002ff7a8","Transport: Any (BR 1Mbps), RF Channel: 30 (SP:  -78), Packet Type: Unknown"
"12","53.891813300","","","BT BR/EDR RF","22","0x002ff7a8","Transport: Any (BR 1Mbps), RF Channel: 30 (SP:  -69), Packet Type: Unknown"
"13","53.897811800","","","BT BR/EDR RF","22","0x002ff7a8","Transport: Any (BR 1Mbps), RF Channel: 30 (SP:  -78), Packet Type: Unknown"
"14","53.901806000","","","BT BR/EDR RF","22","0x002ff7a8","Transport: Any (BR 1Mbps), RF Channel: 30 (SP:  -70), Packet Type: Unknown"
"15","53.907811600","","","BT BR/EDR RF","22","0x002ff7a8","Transport: Any (BR 1Mbps), RF Channel: 30 (SP:  -36, NP:  -55), Packet Type: Unknown"
"16","53.927926800","","","BT BR/EDR RF","22","0x002ff7a8","Transport: Any (BR 1Mbps), RF Channel: 62 (SP:  -70), Packet Type: Unknown"
"17","53.940332500","","","BT BR/EDR RF","22","0x002ff7a8","Transport: Any (BR 1Mbps), RF Channel: 62 (SP:    0, NP:  -55), Packet Type: Unknown"
"18","53.959247000","","","BT BR/EDR RF","22","0x002ff7a8","Transport: Any (BR 1Mbps), RF Channel: 15 (SP:  -70), Packet Type: Unknown"
"19","53.969253300","","","BT BR/EDR RF","22","0x002ff7a8","Transport: Any (BR 1Mbps), RF Channel: 15 (SP:  -54, NP:  -55), Packet Type: Unknown"
"20","53.974451500","","","BT BR/EDR RF","22","0x00347a8c","Transport: Any (BR 1Mbps), RF Channel: 15 (SP:  -80), Packet Type: Unknown"
"21","53.984449000","","","BT BR/EDR RF","22","0x00347a8c","Transport: Any (BR 1Mbps), RF Channel: 15 (SP:  -78), Packet Type: Unknown"
"22","54.077640900","","","BT BR/EDR RF","22","0x002ff7a8","Transport: Any (BR 1Mbps), RF Channel: 32 (SP:  -76), Packet Type: Unknown"
"23","54.097647300","","","BT BR/EDR RF","22","0x002ff7a8","Transport: Any (BR 1Mbps), RF Channel: 32 (SP:  -76), Packet Type: Unknown"
"24","54.107644700","","","BT BR/EDR RF","22","0x002ff7a8","Transport: Any (BR 1Mbps), RF Channel: 32 (SP:  -77), Packet Type: Unknown"
"25","54.120155700","","","BT BR/EDR RF","22","0x002ff7a8","Transport: Any (BR 1Mbps), RF Channel: 64 (SP:    0, NP:  -55), Packet Type: Unknown"
"26","54.130162300","","","BT BR/EDR RF","22","0x002ff7a8","Transport: Any (BR 1Mbps), RF Channel: 64 (SP:    0, NP:  -55), Packet Type: Unknown"
"27","54.147770800","","","BT BR/EDR RF","22","0x002ff7a8","Transport: Any (BR 1Mbps), RF Channel: 64 (SP:  -72), Packet Type: Unknown"
"28","54.236566100","","","BT BR/EDR RF","22","0x002ff7a8","Transport: Any (BR 1Mbps), RF Channel:  2 (SP:  -71), Packet Type: Unknown"
"29","54.246564900","","","BT BR/EDR RF","22","0x002ff7a8","Transport: Any (BR 1Mbps), RF Channel:  2 (SP:  -70), Packet Type: Unknown"
"30","54.266578800","","","BT BR/EDR RF","22","0x002ff7a8","Transport: Any (BR 1Mbps), RF Channel:  2 (SP:  -71), Packet Type: Unknown"
"31","54.273092100","","","BT BR/EDR RF","22","0x002ff7a8","Transport: Any (BR 1Mbps), RF Channel: 34 (SP:  -54, NP:  -55), Packet Type: Unknown"
"32","54.275496500","","","BT BR/EDR RF","22","0x002ff7a8","Transport: Any (BR 1Mbps), RF Channel: 34 (SP:    0, NP:  -55), Packet Type: Unknown"
"33","54.434014900","","","BT BR/EDR RF","22","0x002ff7a8","Transport: Any (BR 1Mbps), RF Channel:  4 (SP:  -80), Packet Type: Unknown"
"34","54.444015000","","","BT BR/EDR RF","22","0x002ff7a8","Transport: Any (BR 1Mbps), RF Channel:  4 (SP:  -81), Packet Type: Unknown"
"35","54.456415400","","","BT BR/EDR RF","22","0x002ff7a8","Transport: Any (BR 1Mbps), RF Channel:  4 (SP:  -72), Packet Type: Unknown"
"36","54.570396800","","","BT BR/EDR RF","22","0x00347a8c","Transport: Any (BR 1Mbps), RF Channel: 21 (SP:  -73), Packet Type: Unknown"
"37","54.578008400","","","BT BR/EDR RF","22","0x00347a8c","Transport: Any (BR 1Mbps), RF Channel: 21 (SP:    0, NP:  -55), Packet Type: Unknown"
"38","54.580404900","","","BT BR/EDR RF","22","0x00347a8c","Transport: Any (BR 1Mbps), RF Channel: 21 (SP:    0, NP:  -55), Packet Type: Unknown"
"39","54.612913200","","","BT BR/EDR RF","22","0x00347a8c","Transport: Any (BR 1Mbps), RF Channel: 53 (SP:    0, NP:  -55), Packet Type: Unknown"
"40","54.622905700","","","BT BR/EDR RF","22","0x00347a8c","Transport: Any (BR 1Mbps), RF Channel: 53 (SP:    0, NP:  -55), Packet Type: Unknown"
"41","54.681567800","","","BT BR/EDR RF","22","0x002ff7a8","Transport: Any (BR 1Mbps), RF Channel: 38 (SP:  -41, NP:  -55), Packet Type: Unknown"
"42","54.718092900","","","BT BR/EDR RF","22","0x002ff7a8","Transport: Any (BR 1Mbps), RF Channel: 70 (SP:    0, NP:  -55), Packet Type: Unknown"
"43","54.728090900","","","BT BR/EDR RF","22","0x002ff7a8","Transport: Any (BR 1Mbps), RF Channel: 70 (SP:    0, NP:  -55), Packet Type: Unknown"
"44","54.748094100","","","BT BR/EDR RF","22","0x002ff7a8","Transport: Any (BR 1Mbps), RF Channel: 70 (SP:    0, NP:  -55), Packet Type: Unknown"
"45","54.789148900","","","BT BR/EDR RF","22","0x002ff7a8","Transport: Any (BR 1Mbps), RF Channel: 55 (SP:  -77), Packet Type: Unknown"
"46","54.794345000","","","BT BR/EDR RF","22","0x00347a8c","Transport: Any (BR 1Mbps), RF Channel: 55 (SP:  -50, NP:  -55), Packet Type: Unknown"
"47","54.814353500","","","BT BR/EDR RF","22","0x00347a8c","Transport: Any (BR 1Mbps), RF Channel: 55 (SP:  -51, NP:  -55), Packet Type: Unknown"
"48","54.824352000","","","BT BR/EDR RF","22","0x00347a8c","Transport: Any (BR 1Mbps), RF Channel: 55 (SP:  -53, NP:  -55), Packet Type: Unknown"
"49","54.860075200","","","BT BR/EDR RF","22","0x002ff7a8","Transport: Any (BR 1Mbps), RF Channel:  8 (SP:  -37, NP:  -55), Packet Type: Unknown"
"50","54.877795800","","","BT BR/EDR RF","22","0x002ff7a8","Transport: Any (BR 1Mbps), RF Channel: 40 (SP:  -74), Packet Type: Unknown"
"51","54.910304200","","","BT BR/EDR RF","22","0x002ff7a8","Transport: Any (BR 1Mbps), RF Channel: 72 (SP:  -71), Packet Type: Unknown"
"52","54.917504500","","","BT BR/EDR RF","22","0x002ff7a8","Transport: Any (BR 1Mbps), RF Channel: 72 (SP:    0, NP:  -55), Packet Type: Unknown"
"53","54.920309900","","","BT BR/EDR RF","22","0x002ff7a8","Transport: Any (BR 1Mbps), RF Channel: 72 (SP:    0, NP:  -55), Packet Type: Unknown"
"54","55.036716500","","","BT BR/EDR RF","22","0x002ff7a8","Transport: Any (BR 1Mbps), RF Channel: 10 (SP:  -71), Packet Type: Unknown"
"55","55.082847400","","","BT BR/EDR RF","22","0x002ff7a8","Transport: Any (BR 1Mbps), RF Channel: 42 (SP:    0, NP:  -55), Packet Type: Unknown"
"56","55.092844100","","","BT BR/EDR RF","22","0x002ff7a8","Transport: Any (BR 1Mbps), RF Channel: 42 (SP:    0, NP:  -55), Packet Type: Unknown"
"57","55.102847400","","","BT BR/EDR RF","22","0x002ff7a8","Transport: Any (BR 1Mbps), RF Channel: 42 (SP:    0, NP:  -55), Packet Type: Unknown"
"58","55.135364700","","","BT BR/EDR RF","22","0x002ff7a8","Transport: Any (BR 1Mbps), RF Channel: 74 (SP:  -72), Packet Type: Unknown"
"59","55.272631000","","","BT BR/EDR RF","22","0x002ff7a8","Transport: Any (BR 1Mbps), RF Channel: 44 (SP:    0, NP:  -55), Packet Type: Unknown"
"60","55.282626200","","","BT BR/EDR RF","22","0x002ff7a8","Transport: Any (BR 1Mbps), RF Channel: 44 (SP:    0, NP:  -55), Packet Type: Unknown"
"61","55.439099400","","","BT BR/EDR RF","22","0x002ff7a8","Transport: Any (BR 1Mbps), RF Channel: 14 (SP:  -77), Packet Type: Unknown"
"62","55.449106700","","","BT BR/EDR RF","22","0x002ff7a8","Transport: Any (BR 1Mbps), RF Channel: 14 (SP:  -76), Packet Type: Unknown"
"63","55.459109500","","","BT BR/EDR RF","22","0x002ff7a8","Transport: Any (BR 1Mbps), RF Channel: 14 (SP:  -77), Packet Type: Unknown"
"64","55.471624400","","","BT BR/EDR RF","22","0x002ff7a8","Transport: Any (BR 1Mbps), RF Channel: 46 (SP:    0, NP:  -55), Packet Type: Unknown"
"65","55.481626900","","","BT BR/EDR RF","22","0x002ff7a8","Transport: Any (BR 1Mbps), RF Channel: 46 (SP:    0, NP:  -55), Packet Type: Unknown"
"66","55.488030000","","","BT BR/EDR RF","22","0x002ff7a8","Transport: Any (BR 1Mbps), RF Channel: 46 (SP:  -40, NP:  -55), Packet Type: Unknown"
"67","55.491632300","","","BT BR/EDR RF","22","0x002ff7a8","Transport: Any (BR 1Mbps), RF Channel: 46 (SP:    0, NP:  -55), Packet Type: Unknown"
"68","55.498027500","","","BT BR/EDR RF","22","0x002ff7a8","Transport: Any (BR 1Mbps), RF Channel: 46 (SP:  -68), Packet Type: Unknown"
"69","55.501627900","","","BT BR/EDR RF","22","0x002ff7a8","Transport: Any (BR 1Mbps), RF Channel: 46 (SP:    0, NP:  -55), Packet Type: Unknown"
"70","55.520580100","","","BT BR/EDR RF","22","0x002ff7a8","Transport: Any (BR 1Mbps), RF Channel: 78 (SP:  -69), Packet Type: Unknown"
"71","55.530586500","","","BT BR/EDR RF","22","0x002ff7a8","Transport: Any (BR 1Mbps), RF Channel: 78 (SP:  -70), Packet Type: Unknown"
"72","55.563913700","","","BT BR/EDR RF","22","0x00347a8c","Transport: Any (BR 1Mbps), RF Channel: 31 (SP:  -37, NP:  -55), Packet Type: Unknown"
"73","55.566711800","","","BT BR/EDR RF","22","0x00347a8c","Transport: Any (BR 1Mbps), RF Channel: 31 (SP:    0, NP:  -55), Packet Type: Unknown"
"74","55.573914800","","","BT BR/EDR RF","22","0x00347a8c","Transport: Any (BR 1Mbps), RF Channel: 31 (SP:  -36, NP:  -55), Packet Type: Unknown"
"75","55.576720900","","","BT BR/EDR RF","22","0x00347a8c","Transport: Any (BR 1Mbps), RF Channel: 31 (SP:    0, NP:  -55), Packet Type: Unknown"
"76","55.586721900","","","BT BR/EDR RF","22","0x00347a8c","Transport: Any (BR 1Mbps), RF Channel: 31 (SP:    0, NP:  -55), Packet Type: Unknown"
"77","55.589236600","","","BT BR/EDR RF","22","0x00347a8c","Transport: Any (BR 1Mbps), RF Channel: 63 (SP:  -74), Packet Type: Unknown"
"78","55.599238600","","","BT BR/EDR RF","22","0x00347a8c","Transport: Any (BR 1Mbps), RF Channel: 63 (SP:  -74), Packet Type: Unknown"
"79","55.601638300","","","BT BR/EDR RF","22","0x00347a8c","Transport: Any (BR 1Mbps), RF Channel: 63 (SP:    0, NP:  -55), Packet Type: Unknown"
"80","55.611638900","","","BT BR/EDR RF","22","0x00347a8c","Transport: Any (BR 1Mbps), RF Channel: 63 (SP:  -32, NP:  -55), Packet Type: Unknown"
"81","55.631355500","","","BT BR/EDR RF","22","0x002ff7a8","Transport: Any (BR 1Mbps), RF Channel: 16 (SP:  -38, NP:  -55), Packet Type: Unknown"
"82","55.648960000","","","BT BR/EDR RF","22","0x002ff7a8","Transport: Any (BR 1Mbps), RF Channel: 16 (SP:  -44, NP:  -55), Packet Type: Unknown"
"83","55.658967800","","","BT BR/EDR RF","22","0x002ff7a8","Transport: Any (BR 1Mbps), RF Channel: 16 (SP:  -43, NP:  -55), Packet Type: Unknown"
"84","55.677503500","","","BT BR/EDR RF","22","0x002ff7a8","Transport: Any (BR 1Mbps), RF Channel: 48 (SP:  -44, NP:  -55), Packet Type: Unknown"
"85","55.697504700","","","BT BR/EDR RF","22","0x002ff7a8","Transport: Any (BR 1Mbps), RF Channel: 48 (SP:  -37, NP:  -55), Packet Type: Unknown"
"86","55.713218800","","","BT BR/EDR RF","22","0x00347a8c","Transport: Any (BR 1Mbps), RF Channel:  1 (SP:  -70), Packet Type: Unknown"
"87","55.720426300","","","BT BR/EDR RF","22","0x00347a8c","Transport: Any (BR 1Mbps), RF Channel:  1 (SP:  -72), Packet Type: Unknown"
"88","55.723233200","","","BT BR/EDR RF","22","0x00347a8c","Transport: Any (BR 1Mbps), RF Channel:  1 (SP:  -71), Packet Type: Unknown"
"89","55.727645300","","","BT BR/EDR RF","22","0x00347a8c","Transport: Any (BR 1Mbps), RF Channel:  1 (SP:  -72), Packet Type: Unknown"
"90","55.732843900","","","BT BR/EDR RF","22","0x00347a8c","Transport: Any (BR 1Mbps), RF Channel:  1 (SP:  -78), Packet Type: Unknown"
"91","55.733245300","","","BT BR/EDR RF","22","0x00347a8c","Transport: Any (BR 1Mbps), RF Channel:  1 (SP:  -70), Packet Type: Unknown"
"92","55.737646100","","","BT BR/EDR RF","22","0x00347a8c","Transport: Any (BR 1Mbps), RF Channel:  1 (SP:  -72), Packet Type: Unknown"
"93","55.743249100","","","BT BR/EDR RF","22","0x00347a8c","Transport: Any (BR 1Mbps), RF Channel:  1 (SP:  -70), Packet Type: Unknown"
"94","55.752967600","","","BT BR/EDR RF","22","0x00347a8c","Transport: Any (BR 1Mbps), RF Channel: 33 (SP:  -36, NP:  -55), Packet Type: Unknown"
"95","55.765771800","","","BT BR/EDR RF","22","0x00347a8c","Transport: Any (BR 1Mbps), RF Channel: 33 (SP:    0, NP:  -55), Packet Type: Unknown"
"96","55.775778000","","","BT BR/EDR RF","22","0x00347a8c","Transport: Any (BR 1Mbps), RF Channel: 33 (SP:    0, NP:  -55), Packet Type: Unknown"
"97","55.800694700","","","BT BR/EDR RF","22","0x00347a8c","Transport: Any (BR 1Mbps), RF Channel: 65 (SP:    0, NP:  -55), Packet Type: Unknown"
"98","55.810695800","","","BT BR/EDR RF","22","0x00347a8c","Transport: Any (BR 1Mbps), RF Channel: 65 (SP:    0, NP:  -55), Packet Type: Unknown"
"99","55.842011000","","","BT BR/EDR RF","22","0x00347a8c","Transport: Any (BR 1Mbps), RF Channel: 18 (SP:    0, NP:  -55), Packet Type: Unknown"
"100","55.961993700","","","BT BR/EDR RF","22","0x00347a8c","Transport: Any (BR 1Mbps), RF Channel: 35 (SP:    0, NP:  -55), Packet Type: Unknown"
"101","55.996517700","","","BT BR/EDR RF","22","0x00347a8c","Transport: Any (BR 1Mbps), RF Channel: 67 (SP:  -74), Packet Type: Unknown"
"102","56.002115900","","","BT BR/EDR RF","22","0x00347a8c","Transport: Any (BR 1Mbps), RF Channel: 67 (SP:    0, NP:  -55), Packet Type: Unknown"
"103","56.135296000","","","BT BR/EDR RF","22","0x002ff7a8","Transport: Any (BR 1Mbps), RF Channel:  5 (SP:  -44, NP:  -55), Packet Type: Unknown"
"104","56.183433900","","","BT BR/EDR RF","22","0x002ff7a8","Transport: Any (BR 1Mbps), RF Channel: 37 (SP:    0, NP:  -55), Packet Type: Unknown"
"105","56.618891600","","","BT BR/EDR RF","22","0x002ff7a8","Transport: Any (BR 1Mbps), RF Channel: 73 (SP:  -81), Packet Type: Unknown"
"106","57.514605500","","","BT BR/EDR RF","22","0x002ff7a8","Transport: Any (BR 1Mbps), RF Channel: 19 (SP:  -73), Packet Type: Unknown"
"107","57.710416900","","","BT BR/EDR RF","22","0x002ff7a8","Transport: Any (BR 1Mbps), RF Channel: 21 (SP:    0, NP:  -55), Packet Type: Unknown"
"108","57.717215500","","","BT BR/EDR RF","22","0x002ff7a8","Transport: Any (BR 1Mbps), RF Channel: 21 (SP:  -28, NP:  -55), Packet Type: Unknown"
"109","57.780943000","","","BT BR/EDR RF","22","0x002ff7a8","Transport: Any (BR 1Mbps), RF Channel: 53 (SP:  -73), Packet Type: Unknown"
"110","57.861998700","","","BT BR/EDR RF","22","0x002ff7a8","Transport: Any (BR 1Mbps), RF Channel: 38 (SP:    0, NP:  -55), Packet Type: Unknown"
"111","57.941437600","","","BT BR/EDR RF","22","0x002ff7a8","Transport: Any (BR 1Mbps), RF Channel: 23 (SP:  -72), Packet Type: Unknown"
"112","58.131641700","","","BT BR/EDR RF","22","0x002ff7a8","Transport: Any (BR 1Mbps), RF Channel: 25 (SP:  -70), Packet Type: Unknown"
"113","58.136440000","","","BT BR/EDR RF","22","0x002ff7a8","Transport: Any (BR 1Mbps), RF Channel: 25 (SP:    0, NP:  -55), Packet Type: Unknown"
"114","58.172163700","","","BT BR/EDR RF","22","0x002ff7a8","Transport: Any (BR 1Mbps), RF Channel: 57 (SP:  -77), Packet Type: Unknown"
"115","58.489585600","","","BT BR/EDR RF","22","0x002ff7a8","Transport: Any (BR 1Mbps), RF Channel: 76 (SP:  -73), Packet Type: Unknown"
"116","58.546520900","","","BT BR/EDR RF","22","0x002ff7a8","Transport: Any (BR 1Mbps), RF Channel: 29 (SP:  -70), Packet Type: Unknown"
"117","59.511623000","","","BT BR/EDR RF","22","0x002ff7a8","Transport: Any (BR 1Mbps), RF Channel: 39 (SP:  -56), Packet Type: Unknown"
"118","112.656530000","","","BT BR/EDR RF","22","0x002ff7a8","Transport: Any (BR 1Mbps), RF Channel: 33 (SP:  -43, NP:  -55), Packet Type: Unknown"
"119","112.691057600","","","BT BR/EDR RF","22","0x00347a8c","Transport: Any (BR 1Mbps), RF Channel: 65 (SP:    0, NP:  -55), Packet Type: Unknown"
"120","112.786551900","","","BT BR/EDR RF","22","0x002ff7a8","Transport: Any (BR 1Mbps), RF Channel: 50 (SP:    0, NP:  -55), Packet Type: Unknown"
"121","112.804269400","","","BT BR/EDR RF","22","0x00347a8c","Transport: Any (BR 1Mbps), RF Channel:  3 (SP:  -77), Packet Type: Unknown"
"122","112.804669200","","","BT BR/EDR RF","22","0x00347a8c","Transport: Any (BR 1Mbps), RF Channel:  3 (SP:  -71), Packet Type: Unknown"
"123","112.824667700","","","BT BR/EDR RF","22","0x00347a8c","Transport: Any (BR 1Mbps), RF Channel:  3 (SP:  -72), Packet Type: Unknown"
"124","112.844411700","","","BT BR/EDR RF","22","0x00347a8c","Transport: Any (BR 1Mbps), RF Channel: 35 (SP:  -64), Packet Type: Unknown"
"125","112.943840700","","","BT BR/EDR RF","22","0x002ff7a8","Transport: Any (BR 1Mbps), RF Channel: 20 (SP:  -78), Packet Type: Unknown"
"126","112.976360900","","","BT BR/EDR RF","22","0x002ff7a8","Transport: Any (BR 1Mbps), RF Channel: 52 (SP:    0, NP:  -55), Packet Type: Unknown"
"127","112.983960800","","","BT BR/EDR RF","22","0x002ff7a8","Transport: Any (BR 1Mbps), RF Channel: 52 (SP:  -45, NP:  -55), Packet Type: Unknown"
"128","112.986359400","","","BT BR/EDR RF","22","0x002ff7a8","Transport: Any (BR 1Mbps), RF Channel: 52 (SP:    0, NP:  -55), Packet Type: Unknown"
"129","112.993273800","","","BT BR/EDR RF","22","0x00347a8c","Transport: Any (BR 1Mbps), RF Channel:  5 (SP:  -72), Packet Type: Unknown"
"130","113.003279600","","","BT BR/EDR RF","22","0x00347a8c","Transport: Any (BR 1Mbps), RF Channel:  5 (SP:  -71), Packet Type: Unknown"
"131","113.013291800","","","BT BR/EDR RF","22","0x00347a8c","Transport: Any (BR 1Mbps), RF Channel:  5 (SP:  -72), Packet Type: Unknown"
"132","113.023293300","","","BT BR/EDR RF","22","0x00347a8c","Transport: Any (BR 1Mbps), RF Channel:  5 (SP:  -72), Packet Type: Unknown"
"133","113.120458000","","","BT BR/EDR RF","22","0x002ff7a8","Transport: Any (BR 1Mbps), RF Channel: 22 (SP:  -70), Packet Type: Unknown"
"134","113.128055900","","","BT BR/EDR RF","22","0x002ff7a8","Transport: Any (BR 1Mbps), RF Channel: 22 (SP:  -70), Packet Type: Unknown"
"135","113.138051900","","","BT BR/EDR RF","22","0x002ff7a8","Transport: Any (BR 1Mbps), RF Channel: 22 (SP:  -70), Packet Type: Unknown"
"136","113.148047800","","","BT BR/EDR RF","22","0x002ff7a8","Transport: Any (BR 1Mbps), RF Channel: 22 (SP:  -71), Packet Type: Unknown"
"137","113.151761000","","","BT BR/EDR RF","22","0x002ff7a8","Transport: Any (BR 1Mbps), RF Channel: 54 (SP:  -74), Packet Type: Unknown"
"138","113.161753400","","","BT BR/EDR RF","22","0x002ff7a8","Transport: Any (BR 1Mbps), RF Channel: 54 (SP:  -73), Packet Type: Unknown"
"139","113.189068000","","","BT BR/EDR RF","22","0x002ff7a8","Transport: Any (BR 1Mbps), RF Channel:  7 (SP:    0, NP:  -55), Packet Type: Unknown"
"140","113.199078200","","","BT BR/EDR RF","22","0x002ff7a8","Transport: Any (BR 1Mbps), RF Channel:  7 (SP:    0, NP:  -55), Packet Type: Unknown"
"141","113.209077600","","","BT BR/EDR RF","22","0x002ff7a8","Transport: Any (BR 1Mbps), RF Channel:  7 (SP:    0, NP:  -55), Packet Type: Unknown"
"142","113.219074300","","","BT BR/EDR RF","22","0x002ff7a8","Transport: Any (BR 1Mbps), RF Channel:  7 (SP:    0, NP:  -55), Packet Type: Unknown"
"143","113.320222400","","","BT BR/EDR RF","22","0x002ff7a8","Transport: Any (BR 1Mbps), RF Channel: 24 (SP:  -69), Packet Type: Unknown"
"144","113.515659000","","","BT BR/EDR RF","22","0x00347a8c","Transport: Any (BR 1Mbps), RF Channel: 26 (SP:    0, NP:  -55), Packet Type: Unknown"
"145","113.555760500","","","BT BR/EDR RF","22","0x00347a8c","Transport: Any (BR 1Mbps), RF Channel: 58 (SP:    0, NP:  -55), Packet Type: Unknown"
"146","113.571363800","","","BT BR/EDR RF","22","0x00347a8c","Transport: Any (BR 1Mbps), RF Channel: 58 (SP:  -35, NP:  -55), Packet Type: Unknown"
"147","113.580161700","","","BT BR/EDR RF","22","0x00347a8c","Transport: Any (BR 1Mbps), RF Channel: 58 (SP:  -37, NP:  -55), Packet Type: Unknown"
"148","113.663616700","","","BT BR/EDR RF","22","0x002ff7a8","Transport: Any (BR 1Mbps), RF Channel: 43 (SP:    0, NP:  -55), Packet Type: Unknown"
"149","113.700145600","","","BT BR/EDR RF","22","0x002ff7a8","Transport: Any (BR 1Mbps), RF Channel: 75 (SP:    0, NP:  -55), Packet Type: Unknown"
"150","113.704951100","","","BT BR/EDR RF","22","0x002ff7a8","Transport: Any (BR 1Mbps), RF Channel: 75 (SP:  -41, NP:  -55), Packet Type: Unknown"
"151","113.780009900","","","BT BR/EDR RF","22","0x002ff7a8","Transport: Any (BR 1Mbps), RF Channel: 60 (SP:  -36, NP:  -55), Packet Type: Unknown"
"152","113.790526400","","","BT BR/EDR RF","22","0x002ff7a8","Transport: Any (BR 1Mbps), RF Channel: 13 (SP:  -72), Packet Type: Unknown"
"153","115.581834900","","","BT BR/EDR RF","22","0x002ff7a8","Transport: Any (BR 1Mbps), RF Channel: 78 (SP:  -63), Packet Type: Unknown"
"154","115.625535500","","","BT BR/EDR RF","22","0x002ff7a8","Transport: Any (BR 1Mbps), RF Channel: 31 (SP:  -36, NP:  -55), Packet Type: Unknown"
"155","115.626334300","","","BT BR/EDR RF","22","0x002ff7a8","Transport: Any (BR 1Mbps), RF Channel: 31 (SP:  -36, NP:  -55), Packet Type: Unknown"
"156","115.662465600","","","BT BR/EDR RF","22","0x002ff7a8","Transport: Any (BR 1Mbps), RF Channel: 63 (SP:  -75), Packet Type: Unknown"
"157","115.688593800","","","BT BR/EDR RF","22","0x002ff7a8","Transport: Any (BR 1Mbps), RF Channel: 16 (SP:  -79), Packet Type: Unknown"
"158","115.821787000","","","BT BR/EDR RF","22","0x002ff7a8","Transport: Any (BR 1Mbps), RF Channel: 33 (SP:  -73), Packet Type: Unknown"
"159","116.996712500","","","BT BR/EDR RF","22","0x002ff7a8","Transport: Any (BR 1Mbps), RF Channel: 45 (SP:    0, NP:  -55), Packet Type: Unknown"
"160","174.781761900","","","BT BR/EDR RF","22","0x002ff7a8","Transport: Any (BR 1Mbps), RF Channel: 38 (SP:    0, NP:  -55), Packet Type: Unknown"
"161","174.801878000","","","BT BR/EDR RF","22","0x002ff7a8","Transport: Any (BR 1Mbps), RF Channel: 70 (SP:  -73), Packet Type: Unknown"
"162","174.874938800","","","BT BR/EDR RF","22","0x00347a8c","Transport: Any (BR 1Mbps), RF Channel: 55 (SP:  -74), Packet Type: Unknown"
"163","174.884939700","","","BT BR/EDR RF","22","0x00347a8c","Transport: Any (BR 1Mbps), RF Channel: 55 (SP:  -72), Packet Type: Unknown"
"164","174.979163300","","","BT BR/EDR RF","22","0x002ff7a8","Transport: Any (BR 1Mbps), RF Channel: 40 (SP:    0, NP:  -55), Packet Type: Unknown"
"165","175.103932900","","","BT BR/EDR RF","22","0x00347a8c","Transport: Any (BR 1Mbps), RF Channel: 57 (SP:  -72), Packet Type: Unknown"
"166","175.230009500","","","BT BR/EDR RF","22","0x00347a8c","Transport: Any (BR 1Mbps), RF Channel: 27 (SP:  -72), Packet Type: Unknown"
"167","175.240010400","","","BT BR/EDR RF","22","0x00347a8c","Transport: Any (BR 1Mbps), RF Channel: 27 (SP:    0, NP:  -55), Packet Type: Unknown"
"168","175.247209100","","","BT BR/EDR RF","22","0x00347a8c","Transport: Any (BR 1Mbps), RF Channel: 27 (SP:    0, NP:  -55), Packet Type: Unknown"
"169","175.247609400","","","BT BR/EDR RF","22","0x00347a8c","Transport: Any (BR 1Mbps), RF Channel: 27 (SP:    0, NP:  -55), Packet Type: Unknown"
"170","175.250009700","","","BT BR/EDR RF","22","0x00347a8c","Transport: Any (BR 1Mbps), RF Channel: 27 (SP:    0, NP:  -55), Packet Type: Unknown"
"171","175.252406200","","","BT BR/EDR RF","22","0x00347a8c","Transport: Any (BR 1Mbps), RF Channel: 27 (SP:  -71), Packet Type: Unknown"
"172","175.257211200","","","BT BR/EDR RF","22","0x00347a8c","Transport: Any (BR 1Mbps), RF Channel: 27 (SP:    0, NP:  -55), Packet Type: Unknown"
"173","175.257610700","","","BT BR/EDR RF","22","0x00347a8c","Transport: Any (BR 1Mbps), RF Channel: 27 (SP:    0, NP:  -55), Packet Type: Unknown"
"174","175.272125900","","","BT BR/EDR RF","22","0x00347a8c","Transport: Any (BR 1Mbps), RF Channel: 59 (SP:    0, NP:  -55), Packet Type: Unknown"
"175","175.272526800","","","BT BR/EDR RF","22","0x00347a8c","Transport: Any (BR 1Mbps), RF Channel: 59 (SP:    0, NP:  -55), Packet Type: Unknown"
"176","175.279727300","","","BT BR/EDR RF","22","0x00347a8c","Transport: Any (BR 1Mbps), RF Channel: 59 (SP:  -51, NP:  -55), Packet Type: Unknown"
"177","175.289719700","","","BT BR/EDR RF","22","0x00347a8c","Transport: Any (BR 1Mbps), RF Channel: 59 (SP:  -77), Packet Type: Unknown"
"178","175.292120400","","","BT BR/EDR RF","22","0x00347a8c","Transport: Any (BR 1Mbps), RF Channel: 59 (SP:    0, NP:  -55), Packet Type: Unknown"
"179","175.302133100","","","BT BR/EDR RF","22","0x00347a8c","Transport: Any (BR 1Mbps), RF Channel: 59 (SP:    0, NP:  -55), Packet Type: Unknown"
"180","175.644761800","","","BT BR/EDR RF","22","0x00347a8c","Transport: Any (BR 1Mbps), RF Channel: 31 (SP:  -63), Packet Type: Unknown"
"181","175.664771500","","","BT BR/EDR RF","22","0x00347a8c","Transport: Any (BR 1Mbps), RF Channel: 31 (SP:  -70), Packet Type: Unknown"
"182","176.017483300","","","BT BR/EDR RF","22","0x00347a8c","Transport: Any (BR 1Mbps), RF Channel:  3 (SP:  -81), Packet Type: Unknown"
"183","176.047241400","","","BT BR/EDR RF","22","0x00347a8c","Transport: Any (BR 1Mbps), RF Channel: 35 (SP:  -74), Packet Type: Unknown"
"184","176.047641100","","","BT BR/EDR RF","22","0x00347a8c","Transport: Any (BR 1Mbps), RF Channel: 35 (SP:    0, NP:  -55), Packet Type: Unknown"
"185","176.082556300","","","BT BR/EDR RF","22","0x00347a8c","Transport: Any (BR 1Mbps), RF Channel: 67 (SP:    0, NP:  -55), Packet Type: Unknown"
"186","176.089760800","","","BT BR/EDR RF","22","0x00347a8c","Transport: Any (BR 1Mbps), RF Channel: 67 (SP:  -79), Packet Type: Unknown"
"187","176.092155900","","","BT BR/EDR RF","22","0x00347a8c","Transport: Any (BR 1Mbps), RF Channel: 67 (SP:  -74), Packet Type: Unknown"
"188","176.092553900","","","BT BR/EDR RF","22","0x00347a8c","Transport: Any (BR 1Mbps), RF Channel: 67 (SP:    0, NP:  -55), Packet Type: Unknown"
"189","176.102164100","","","BT BR/EDR RF","22","0x00347a8c","Transport: Any (BR 1Mbps), RF Channel: 67 (SP:  -73), Packet Type: Unknown"
"190","176.102565500","","","BT BR/EDR RF","22","0x00347a8c","Transport: Any (BR 1Mbps), RF Channel: 67 (SP:    0, NP:  -55), Packet Type: Unknown"
"191","176.187986700","","","BT BR/EDR RF","22","0x002ff7a8","Transport: Any (BR 1Mbps), RF Channel: 52 (SP:    0, NP:  -55), Packet Type: Unknown"
"192","176.276751800","","","BT BR/EDR RF","22","0x002ff7a8","Transport: Any (BR 1Mbps), RF Channel: 69 (SP:  -73), Packet Type: Unknown"
"193","176.347688700","","","BT BR/EDR RF","22","0x002ff7a8","Transport: Any (BR 1Mbps), RF Channel: 22 (SP:    0, NP:  -55), Packet Type: Unknown"
"194","177.772663400","","","BT BR/EDR RF","22","0x002ff7a8","Transport: Any (BR 1Mbps), RF Channel: 68 (SP:  -76), Packet Type: Unknown"
"195","177.884219300","","","BT BR/EDR RF","22","0x002ff7a8","Transport: Any (BR 1Mbps), RF Channel:  6 (SP:  -66), Packet Type: Unknown"
"196","178.190412900","","","BT BR/EDR RF","22","0x002ff7a8","Transport: Any (BR 1Mbps), RF Channel: 25 (SP:  -70), Packet Type: Unknown"
"197","178.433548900","","","BT BR/EDR RF","22","0x002ff7a8","Transport: Any (BR 1Mbps), RF Channel: 59 (SP:  -82), Packet Type: Unknown"
"198","178.454758700","","","BT BR/EDR RF","22","0x002ff7a8","Transport: Any (BR 1Mbps), RF Channel: 59 (SP:  -52, NP:  -55), Packet Type: Unknown"
"199","178.563949000","","","BT BR/EDR RF","22","0x002ff7a8","Transport: Any (BR 1Mbps), RF Channel: 76 (SP:  -75), Packet Type: Unknown"
"200","179.268968900","","","BT BR/EDR RF","22","0x002ff7a8","Transport: Any (BR 1Mbps), RF Channel: 20 (SP:    0, NP:  -55), Packet Type: Unknown"
"201","207.878770300","","","BT BR/EDR RF","22","0x00f63b9f","Transport: Any (BR 1Mbps), RF Channel: 69 (SP:  -90), Packet Type: Unknown"
"202","230.989881300","","","BT BR/EDR RF","22","0x002ff7a8","Transport: Any (BR 1Mbps), RF Channel:  0 (SP:  -71), Packet Type: Unknown"
"203","230.997483400","","","BT BR/EDR RF","22","0x002ff7a8","Transport: Any (BR 1Mbps), RF Channel:  0 (SP:  -76), Packet Type: Unknown"
"204","231.008687600","","","BT BR/EDR RF","22","0x002ff7a8","Transport: Any (BR 1Mbps), RF Channel:  0 (SP:  -76), Packet Type: Unknown"
"205","231.019902100","","","BT BR/EDR RF","22","0x002ff7a8","Transport: Any (BR 1Mbps), RF Channel:  0 (SP:  -71), Packet Type: Unknown"
"206","231.027503700","","","BT BR/EDR RF","22","0x002ff7a8","Transport: Any (BR 1Mbps), RF Channel:  0 (SP:  -78), Packet Type: Unknown"
"207","231.038426900","","","BT BR/EDR RF","22","0x002ff7a8","Transport: Any (BR 1Mbps), RF Channel: 32 (SP:    0, NP:  -55), Packet Type: Unknown"
"208","231.056027800","","","BT BR/EDR RF","22","0x002ff7a8","Transport: Any (BR 1Mbps), RF Channel: 32 (SP:  -67), Packet Type: Unknown"
"209","231.058433500","","","BT BR/EDR RF","22","0x002ff7a8","Transport: Any (BR 1Mbps), RF Channel: 32 (SP:    0, NP:  -55), Packet Type: Unknown"
"210","231.097345000","","","BT BR/EDR RF","22","0x002ff7a8","Transport: Any (BR 1Mbps), RF Channel: 64 (SP:  -76), Packet Type: Unknown"
"211","231.115486900","","","BT BR/EDR RF","22","0x00347a8c","Transport: Any (BR 1Mbps), RF Channel: 17 (SP:    0, NP:  -55), Packet Type: Unknown"
"212","231.150424500","","","BT BR/EDR RF","22","0x00347a8c","Transport: Any (BR 1Mbps), RF Channel: 49 (SP:  -58), Packet Type: Unknown"
"213","231.155626900","","","BT BR/EDR RF","22","0x00347a8c","Transport: Any (BR 1Mbps), RF Channel: 49 (SP:    0, NP:  -55), Packet Type: Unknown"
"214","231.239097600","","","BT BR/EDR RF","22","0x00347a8c","Transport: Any (BR 1Mbps), RF Channel: 34 (SP:  -74), Packet Type: Unknown"
"215","231.290415800","","","BT BR/EDR RF","22","0x002ff7a8","Transport: Any (BR 1Mbps), RF Channel: 66 (SP:    0, NP:  -55), Packet Type: Unknown"
"216","231.319334500","","","BT BR/EDR RF","22","0x002ff7a8","Transport: Any (BR 1Mbps), RF Channel: 19 (SP:    0, NP:  -55), Packet Type: Unknown"
"217","231.339344700","","","BT BR/EDR RF","22","0x002ff7a8","Transport: Any (BR 1Mbps), RF Channel: 19 (SP:  -62), Packet Type: Unknown"
"218","232.869342400","","","BT BR/EDR RF","22","0x002ff7a8","Transport: Any (BR 1Mbps), RF Channel:  3 (SP:  -81), Packet Type: Unknown"
"219","232.896935800","","","BT BR/EDR RF","22","0x002ff7a8","Transport: Any (BR 1Mbps), RF Channel:  3 (SP:  -81), Packet Type: Unknown"
"220","232.983172000","","","BT BR/EDR RF","22","0x002ff7a8","Transport: Any (BR 1Mbps), RF Channel: 67 (SP:  -75), Packet Type: Unknown"
"221","233.045023900","","","BT BR/EDR RF","22","0x002ff7a8","Transport: Any (BR 1Mbps), RF Channel: 52 (SP:  -74), Packet Type: Unknown"
"222","233.157398500","","","BT BR/EDR RF","22","0x002ff7a8","Transport: Any (BR 1Mbps), RF Channel: 69 (SP:  -78), Packet Type: Unknown"
"223","233.633721700","","","BT BR/EDR RF","22","0x002ff7a8","Transport: Any (BR 1Mbps), RF Channel: 58 (SP:  -73), Packet Type: Unknown"
"224","233.652510600","","","BT BR/EDR RF","22","0x002ff7a8","Transport: Any (BR 1Mbps), RF Channel: 58 (SP:  -75), Packet Type: Unknown"
"225","235.306165500","","","BT BR/EDR RF","22","0x00fec80f","Transport: Any (BR 1Mbps), RF Channel: 27 (SP:  -85), Packet Type: Unknown"
"226","239.868004200","","","BT BR/EDR RF","22","0x00a7e77f","Transport: Any (BR 1Mbps), RF Channel: 41 (SP:  -16, NP:  -55), Packet Type: Unknown"
"227","262.231232800","","","BT BR/EDR RF","22","0x0029cfc6","Transport: Any (BR 1Mbps), RF Channel: 28 (SP:  -74), Packet Type: Unknown"
"228","289.420855000","","","BT BR/EDR RF","22","0x00655611","Transport: Any (BR 1Mbps), RF Channel: 31 (SP:  -77), Packet Type: Unknown"
"229","292.554749400","","","BT BR/EDR RF","22","0x00655611","Transport: Any (BR 1Mbps), RF Channel: 31 (SP:  -53, NP:  -55), Packet Type: Unknown"
"230","292.714090000","","","BT BR/EDR RF","22","0x00347a8c","Transport: Any (BR 1Mbps), RF Channel:  1 (SP:  -79), Packet Type: Unknown"
"231","292.714490300","","","BT BR/EDR RF","22","0x00347a8c","Transport: Any (BR 1Mbps), RF Channel:  1 (SP:  -73), Packet Type: Unknown"
"232","292.719681800","","","BT BR/EDR RF","22","0x002ff7a8","Transport: Any (BR 1Mbps), RF Channel:  1 (SP:    0, NP:  -55), Packet Type: Unknown"
"233","292.729687800","","","BT BR/EDR RF","22","0x002ff7a8","Transport: Any (BR 1Mbps), RF Channel:  1 (SP:    0, NP:  -55), Packet Type: Unknown"
"234","292.734487100","","","BT BR/EDR RF","22","0x00347a8c","Transport: Any (BR 1Mbps), RF Channel:  1 (SP:  -72), Packet Type: Unknown"
"235","292.737288100","","","BT BR/EDR RF","22","0x002ff7a8","Transport: Any (BR 1Mbps), RF Channel:  1 (SP:  -72), Packet Type: Unknown"
"236","292.739685700","","","BT BR/EDR RF","22","0x002ff7a8","Transport: Any (BR 1Mbps), RF Channel:  1 (SP:    0, NP:  -55), Packet Type: Unknown"
"237","292.744089000","","","BT BR/EDR RF","22","0x00347a8c","Transport: Any (BR 1Mbps), RF Channel:  1 (SP:  -79), Packet Type: Unknown"
"238","292.744488100","","","BT BR/EDR RF","22","0x00347a8c","Transport: Any (BR 1Mbps), RF Channel:  1 (SP:  -73), Packet Type: Unknown"
"239","292.751835700","","","BT BR/EDR RF","22","0x00347a8c","Transport: Any (BR 1Mbps), RF Channel: 33 (SP:  -79), Packet Type: Unknown"
"240","292.834048600","","","BT BR/EDR RF","22","0x002ff7a8","Transport: Any (BR 1Mbps), RF Channel: 18 (SP:  -70), Packet Type: Unknown"
"241","292.854047400","","","BT BR/EDR RF","22","0x002ff7a8","Transport: Any (BR 1Mbps), RF Channel: 18 (SP:  -70), Packet Type: Unknown"
"242","292.912717500","","","BT BR/EDR RF","22","0x002ff7a8","Transport: Any (BR 1Mbps), RF Channel:  3 (SP:  -66), Packet Type: Unknown"
"243","292.915116500","","","BT BR/EDR RF","22","0x002ff7a8","Transport: Any (BR 1Mbps), RF Channel:  3 (SP:  -10, NP:  -55), Packet Type: Unknown"
"244","292.988044500","","","BT BR/EDR RF","22","0x00347a8c","Transport: Any (BR 1Mbps), RF Channel: 35 (SP:    0, NP:  -55), Packet Type: Unknown"
"245","293.020554900","","","BT BR/EDR RF","22","0x00347a8c","Transport: Any (BR 1Mbps), RF Channel: 67 (SP:  -77), Packet Type: Unknown"
"246","293.033477300","","","BT BR/EDR RF","22","0x002ff7a8","Transport: Any (BR 1Mbps), RF Channel: 20 (SP:  -37, NP:  -55), Packet Type: Unknown"
"247","293.041080700","","","BT BR/EDR RF","22","0x002ff7a8","Transport: Any (BR 1Mbps), RF Channel: 20 (SP:  -37, NP:  -55), Packet Type: Unknown"
"248","293.043483000","","","BT BR/EDR RF","22","0x002ff7a8","Transport: Any (BR 1Mbps), RF Channel: 20 (SP:  -37, NP:  -55), Packet Type: Unknown"
"249","293.051084900","","","BT BR/EDR RF","22","0x002ff7a8","Transport: Any (BR 1Mbps), RF Channel: 20 (SP:  -36, NP:  -55), Packet Type: Unknown"
"250","293.053486800","","","BT BR/EDR RF","22","0x002ff7a8","Transport: Any (BR 1Mbps), RF Channel: 20 (SP:  -36, NP:  -55), Packet Type: Unknown"
"251","293.128937300","","","BT BR/EDR RF","22","0x00347a8c","Transport: Any (BR 1Mbps), RF Channel:  5 (SP:  -74), Packet Type: Unknown"
"252","293.138946300","","","BT BR/EDR RF","22","0x00347a8c","Transport: Any (BR 1Mbps), RF Channel:  5 (SP:  -66), Packet Type: Unknown"
"253","293.156663400","","","BT BR/EDR RF","22","0x00347a8c","Transport: Any (BR 1Mbps), RF Channel: 37 (SP:  -72), Packet Type: Unknown"
"254","293.230134800","","","BT BR/EDR RF","22","0x002ff7a8","Transport: Any (BR 1Mbps), RF Channel: 22 (SP:  -77), Packet Type: Unknown"
"255","293.246542900","","","BT BR/EDR RF","22","0x002ff7a8","Transport: Any (BR 1Mbps), RF Channel: 22 (SP:  -70), Packet Type: Unknown"
"256","293.258946500","","","BT BR/EDR RF","22","0x002ff7a8","Transport: Any (BR 1Mbps), RF Channel: 22 (SP:  -69), Packet Type: Unknown"
"257","293.317612800","","","BT BR/EDR RF","22","0x002ff7a8","Transport: Any (BR 1Mbps), RF Channel:  7 (SP:    0, NP:  -55), Packet Type: Unknown"
"258","293.347611300","","","BT BR/EDR RF","22","0x002ff7a8","Transport: Any (BR 1Mbps), RF Channel:  7 (SP:    0, NP:  -55), Packet Type: Unknown"
"259","293.413015900","","","BT BR/EDR RF","22","0x00347a8c","Transport: Any (BR 1Mbps), RF Channel: 71 (SP:  -62), Packet Type: Unknown"
"260","293.423008900","","","BT BR/EDR RF","22","0x00347a8c","Transport: Any (BR 1Mbps), RF Channel: 71 (SP:  -60), Packet Type: Unknown"
"261","293.448725200","","","BT BR/EDR RF","22","0x002ff7a8","Transport: Any (BR 1Mbps), RF Channel: 24 (SP:  -69), Packet Type: Unknown"
"262","293.458728400","","","BT BR/EDR RF","22","0x002ff7a8","Transport: Any (BR 1Mbps), RF Channel: 24 (SP:  -78), Packet Type: Unknown"
"263","293.498440900","","","BT BR/EDR RF","22","0x002ff7a8","Transport: Any (BR 1Mbps), RF Channel: 56 (SP:  -50, NP:  -55), Packet Type: Unknown"
"264","293.514152700","","","BT BR/EDR RF","22","0x00347a8c","Transport: Any (BR 1Mbps), RF Channel:  9 (SP:  -80), Packet Type: Unknown"
"265","293.527361500","","","BT BR/EDR RF","22","0x002ff7a8","Transport: Any (BR 1Mbps), RF Channel:  9 (SP:    0, NP:  -55), Packet Type: Unknown"
"266","293.539763500","","","BT BR/EDR RF","22","0x002ff7a8","Transport: Any (BR 1Mbps), RF Channel:  9 (SP:  -74), Packet Type: Unknown"
"267","293.544564000","","","BT BR/EDR RF","22","0x00347a8c","Transport: Any (BR 1Mbps), RF Channel:  9 (SP:  -36, NP:  -55), Packet Type: Unknown"
"268","293.547362300","","","BT BR/EDR RF","22","0x002ff7a8","Transport: Any (BR 1Mbps), RF Channel:  9 (SP:    0, NP:  -55), Packet Type: Unknown"
"269","293.584284900","","","BT BR/EDR RF","22","0x00347a8c","Transport: Any (BR 1Mbps), RF Channel: 41 (SP:    0, NP:  -55), Packet Type: Unknown"
"270","293.633719100","","","BT BR/EDR RF","22","0x002ff7a8","Transport: Any (BR 1Mbps), RF Channel: 26 (SP:  -38, NP:  -55), Packet Type: Unknown"
"271","293.641332900","","","BT BR/EDR RF","22","0x002ff7a8","Transport: Any (BR 1Mbps), RF Channel: 26 (SP:  -44, NP:  -55), Packet Type: Unknown"
"272","293.643734700","","","BT BR/EDR RF","22","0x002ff7a8","Transport: Any (BR 1Mbps), RF Channel: 26 (SP:  -69), Packet Type: Unknown"
"273","293.661342100","","","BT BR/EDR RF","22","0x002ff7a8","Transport: Any (BR 1Mbps), RF Channel: 26 (SP:  -44, NP:  -55), Packet Type: Unknown"
"274","293.673849400","","","BT BR/EDR RF","22","0x002ff7a8","Transport: Any (BR 1Mbps), RF Channel: 58 (SP:  -71), Packet Type: Unknown"
"275","293.693838300","","","BT BR/EDR RF","22","0x002ff7a8","Transport: Any (BR 1Mbps), RF Channel: 58 (SP:  -72), Packet Type: Unknown"
"276","293.710351700","","","BT BR/EDR RF","22","0x00347a8c","Transport: Any (BR 1Mbps), RF Channel: 11 (SP:    0, NP:  -55), Packet Type: Unknown"
"277","293.722741300","","","BT BR/EDR RF","22","0x002ff7a8","Transport: Any (BR 1Mbps), RF Channel: 11 (SP:    0, NP:  -55), Packet Type: Unknown"
"278","293.732738800","","","BT BR/EDR RF","22","0x002ff7a8","Transport: Any (BR 1Mbps), RF Channel: 11 (SP:    0, NP:  -55), Packet Type: Unknown"
"279","293.742751400","","","BT BR/EDR RF","22","0x002ff7a8","Transport: Any (BR 1Mbps), RF Channel: 11 (SP:    0, NP:  -55), Packet Type: Unknown"
"280","293.758073100","","","BT BR/EDR RF","22","0x00347a8c","Transport: Any (BR 1Mbps), RF Channel: 43 (SP:  -70), Packet Type: Unknown"
"281","293.768074700","","","BT BR/EDR RF","22","0x00347a8c","Transport: Any (BR 1Mbps), RF Channel: 43 (SP:  -72), Packet Type: Unknown"
"282","293.788083500","","","BT BR/EDR RF","22","0x00347a8c","Transport: Any (BR 1Mbps), RF Channel: 43 (SP:  -72), Packet Type: Unknown"
"283","293.797797800","","","BT BR/EDR RF","22","0x00347a8c","Transport: Any (BR 1Mbps), RF Channel: 75 (SP:  -75), Packet Type: Unknown"
"284","293.817793800","","","BT BR/EDR RF","22","0x00347a8c","Transport: Any (BR 1Mbps), RF Channel: 75 (SP:  -75), Packet Type: Unknown"
"285","293.857902400","","","BT BR/EDR RF","22","0x00347a8c","Transport: Any (BR 1Mbps), RF Channel: 28 (SP:  -73), Packet Type: Unknown"
"286","293.872815300","","","BT BR/EDR RF","22","0x00347a8c","Transport: Any (BR 1Mbps), RF Channel: 60 (SP:  -72), Packet Type: Unknown"
"287","293.953073700","","","BT BR/EDR RF","22","0x00347a8c","Transport: Any (BR 1Mbps), RF Channel: 45 (SP:  -72), Packet Type: Unknown"
"288","293.992799000","","","BT BR/EDR RF","22","0x00347a8c","Transport: Any (BR 1Mbps), RF Channel: 77 (SP:  -72), Packet Type: Unknown"
"289","294.001607300","","","BT BR/EDR RF","22","0x00347a8c","Transport: Any (BR 1Mbps), RF Channel: 77 (SP:    0, NP:  -55), Packet Type: Unknown"
"290","294.022807200","","","BT BR/EDR RF","22","0x002ff7a8","Transport: Any (BR 1Mbps), RF Channel: 77 (SP:  -37, NP:  -55), Packet Type: Unknown"
"291","294.050922700","","","BT BR/EDR RF","22","0x002ff7a8","Transport: Any (BR 1Mbps), RF Channel: 30 (SP:    0, NP:  -55), Packet Type: Unknown"
"292","294.072243300","","","BT BR/EDR RF","22","0x002ff7a8","Transport: Any (BR 1Mbps), RF Channel: 62 (SP:  -77), Packet Type: Unknown"
"293","294.083457400","","","BT BR/EDR RF","22","0x002ff7a8","Transport: Any (BR 1Mbps), RF Channel: 62 (SP:    0, NP:  -55), Packet Type: Unknown"
"294","294.773554400","","","BT BR/EDR RF","22","0x00655611","Transport: Any (BR 1Mbps), RF Channel: 53 (SP:  -79), Packet Type: Unknown"
"295","295.401502800","","","BT BR/EDR RF","22","0x002ff7a8","Transport: Any (BR 1Mbps), RF Channel: 12 (SP:  -70), Packet Type: Unknown"
"296","295.633425000","","","BT BR/EDR RF","22","0x00655611","Transport: Any (BR 1Mbps), RF Channel: 46 (SP:  -77), Packet Type: Unknown"
"297","296.158281400","","","BT BR/EDR RF","22","0x002ff7a8","Transport: Any (BR 1Mbps), RF Channel: 67 (SP:  -54, NP:  -55), Packet Type: Unknown"
"298","296.363294800","","","BT BR/EDR RF","22","0x002ff7a8","Transport: Any (BR 1Mbps), RF Channel: 69 (SP:  -64), Packet Type: Unknown"
"299","296.487261400","","","BT BR/EDR RF","22","0x002ff7a8","Transport: Any (BR 1Mbps), RF Channel:  7 (SP:    0, NP:  -55), Packet Type: Unknown"
"300","296.768579500","","","BT BR/EDR RF","22","0x002ff7a8","Transport: Any (BR 1Mbps), RF Channel: 73 (SP:    0, NP:  -55), Packet Type: Unknown"
"301","296.798302900","","","BT BR/EDR RF","22","0x00655611","Transport: Any (BR 1Mbps), RF Channel: 26 (SP:  -36, NP:  -55), Packet Type: Unknown"
"302","297.403376400","","","BT BR/EDR RF","22","0x00655611","Transport: Any (BR 1Mbps), RF Channel: 32 (SP:  -76), Packet Type: Unknown"
"303","297.577148700","","","BT BR/EDR RF","22","0x002ff7a8","Transport: Any (BR 1Mbps), RF Channel:  2 (SP:  -70), Packet Type: Unknown"
"304","401.913688000","","","BT BR/EDR RF","22","0x00655611","Transport: Any (BR 1Mbps), RF Channel: 43 (SP:  -79), Packet Type: Unknown"
"305","407.007495300","","","BT BR/EDR RF","22","0x0029cfc6","Transport: Any (BR 1Mbps), RF Channel: 31 (SP:  -76), Packet Type: Unknown"
